Actual Prices,Predicted Prices
22.0612850189209,22.205868
21.562585830688477,22.278625
21.8836669921875,22.30278
22.033964157104492,22.322405
22.06812286376953,22.35105
22.018020629882812,22.386292
22.8924617767334,22.418293
22.942554473876953,22.524307
23.113338470458984,22.673754
23.457197189331055,22.853933
23.197601318359375,23.069475
23.006311416625977,23.265774
23.026805877685547,23.415144
23.038192749023438,23.522732
23.286407470703125,23.59464
23.34561538696289,23.659315
23.814716339111328,23.718689
24.131235122680664,23.811504
24.092531204223633,23.94616
24.119844436645508,24.092327
24.117582321166992,24.23524
24.302030563354492,24.362862
24.16767692565918,24.485647
24.062925338745117,24.58195
23.953617095947266,24.642685
24.520639419555664,24.664577
24.948749542236328,24.71018
24.818944931030273,24.805481
25.04666519165039,24.91254
25.303987503051758,25.038088
25.005674362182617,25.187536
25.26755714416504,25.31195
24.716474533081055,25.432644
24.743803024291992,25.489876
24.82577896118164,25.50298
25.149139404296875,25.493183
25.51348304748535,25.498247
25.527149200439453,25.545132
25.014781951904297,25.615871
24.47509002685547,25.648941
24.34529685974121,25.605152
24.395395278930664,25.502962
24.131235122680664,25.375809
24.06519889831543,25.219143
23.928573608398438,25.050634
23.7623291015625,24.87634
22.27534294128418,24.69809
21.594467163085938,24.397802
21.346250534057617,23.982687
21.323476791381836,23.506527
21.674171447753906,23.030094
21.44873809814453,22.626724
21.36166763305664,22.285793
21.242536544799805,22.007607
21.258567810058594,21.784115
21.402902603149414,21.617752
21.194421768188477,21.516928
20.697261810302734,21.449862
20.738506317138672,21.367098
21.50829315185547,21.28638
21.4189453125,21.284695
21.664085388183594,21.327988
21.581607818603516,21.42028
21.815298080444336,21.530258
22.09250831604004,21.66443
22.42929458618164,21.828747
22.823352813720703,22.02979
23.004344940185547,22.273727
22.990598678588867,22.541485
22.878334045410156,22.800838
22.55759048461914,23.02246
22.388051986694336,23.171494
22.433876037597656,23.245071
22.59654426574707,23.267168
22.68818473815918,23.26824
22.66756820678711,23.263363
22.830223083496094,23.252577
22.642358779907227,23.25289
22.30099105834961,23.24266
22.32848358154297,23.19491
22.255172729492188,23.128708
22.34910011291504,23.049013
21.840499877929688,22.975456
21.787799835205078,22.865889
21.973373413085938,22.737316
21.89089584350586,22.623955
22.01690101623535,22.522655
21.398324966430664,22.449255
21.086742401123047,22.344471
21.441856384277344,22.200294
21.627431869506836,22.07507
21.9023494720459,21.989922
21.968795776367188,21.963293
21.762598037719727,21.983328
21.886314392089844,22.013714
21.980247497558594,22.059711
22.149789810180664,22.120745
22.21851921081543,22.202024
22.319320678710938,22.2961
22.193317413330078,22.399883
22.633197784423828,22.489975
22.630908966064453,22.603382
22.871463775634766,22.722141
22.880634307861328,22.856024
22.901248931884766,22.989033
22.77982521057129,23.111822
22.603412628173828,23.206247
22.30099105834961,23.257936
22.147497177124023,23.249784
23.586265563964844,23.189257
23.904722213745117,23.2296
23.874940872192383,23.36047
24.29648780822754,23.53591
23.93680191040039,23.762878
24.236921310424805,23.970678
24.386646270751953,24.174873
24.75750732421875,24.372253
24.96251106262207,24.58146
25.063861846923828,24.79852
24.87727928161621,25.010712
24.861162185668945,25.183939
24.918743133544922,25.3148
25.21820068359375,25.411335
25.19515609741211,25.503677
25.158309936523438,25.582424
25.126054763793945,25.64138
25.190553665161133,25.678556
24.9947566986084,25.703354
25.073078155517578,25.699299
24.884185791015625,25.68318
24.778234481811523,25.642658
24.633119583129883,25.579481
24.605478286743164,25.493229
24.41659927368164,25.396374
24.43963050842285,25.283375
24.584749221801758,25.171366
24.815088272094727,25.082531
24.808181762695312,25.037119
24.960208892822266,25.02308
24.3060245513916,25.044415
23.7554988861084,25.027525
24.287599563598633,24.937464
24.86576271057129,24.856075
25.745683670043945,24.839973
26.62099838256836,24.947866
26.471269607543945,25.206825
26.162609100341797,25.528282
26.160306930541992,25.834776
26.155698776245117,26.104952
26.402170181274414,26.327843
25.96221160888672,26.523298
26.001365661621094,26.643953
26.04973793029785,26.709051
26.247835159301758,26.736435
25.840126037597656,26.754505
26.040529251098633,26.727196
25.918441772460938,26.690367
26.029006958007812,26.638592
26.040529251098633,26.590925
26.23401641845703,26.550365
26.27317237854004,26.534899
26.731557846069336,26.540049
26.78915023803711,26.599428
27.028705596923828,26.693724
26.945783615112305,26.824118
27.095510482788086,26.958885
27.077085494995117,27.098333
27.05864906311035,27.226917
26.9780330657959,27.335522
26.964210510253906,27.414255
26.858253479003906,27.465328
27.100112915039062,27.484104
27.238323211669922,27.50206
26.62560272216797,27.53015
26.36992073059082,27.506126
26.19485855102539,27.426691
26.153400421142578,27.301731
25.681180953979492,27.15386
25.704219818115234,26.96056
25.4287052154541,26.756369
25.19948959350586,26.537415
25.562990188598633,26.306866
25.71347999572754,26.121742
25.671810150146484,25.995802
24.956388473510742,25.915611
25.104564666748047,25.807316
24.47480583190918,25.704039
24.798946380615234,25.55614
25.46575164794922,25.422197
25.456491470336914,25.370047
25.481950759887695,25.375412
25.86861228942871,25.420753
25.884817123413086,25.523932
25.752845764160156,25.657862
25.88250160217285,25.788868
25.83156394958496,25.91905
25.80609130859375,26.033329
25.588464736938477,26.125563
25.34998321533203,26.176062
25.444915771484375,26.173645
25.262001037597656,26.145805
25.456491470336914,26.087206
25.706539154052734,26.031332
25.958906173706055,26.004597
26.38260269165039,26.021847
26.232105255126953,26.104498
26.669694900512695,26.20857
26.669694900512695,26.357235
26.815555572509766,26.521797
26.85028839111328,26.695663
27.005409240722656,26.863583
27.077184677124023,27.02714
27.102651596069336,27.180094
26.924373626708984,27.315042
26.977628707885742,27.410076
27.148958206176758,27.475454
27.03319549560547,27.531073
27.026247024536133,27.564453
26.815555572509766,27.57934
26.8919620513916,27.561096
26.861858367919922,27.529293
26.998464584350586,27.488064
27.299453735351562,27.456186
27.54949951171875,27.460056
27.577287673950195,27.50914
27.7254581451416,27.585468
27.60969352722168,27.686085
27.561071395874023,27.782892
27.783342361450195,27.864199
27.781021118164062,27.948498
27.732412338256836,28.027039
27.783342361450195,28.090479
27.801864624023438,28.143074
27.776399612426758,28.185545
28.21861457824707,28.215183
28.232507705688477,28.27405
28.23482322692871,28.347713
28.160734176635742,28.42456
28.095905303955078,28.489706
29.8092098236084,28.535357
29.758272171020508,28.720755
29.885618209838867,28.97572
30.165756225585938,29.2654
30.452861785888672,29.577827
30.570940017700195,29.903873
30.79184341430664,30.220942
30.722084045410156,30.524538
30.994140625,30.786095
31.396425247192383,31.022026
31.510360717773438,31.256985
31.47316551208496,31.480442
31.5592041015625,31.672607
31.787086486816406,31.834543
31.882413864135742,31.98249
31.747549057006836,32.115955
31.777786254882812,32.21471
31.840559005737305,32.28385
31.85451889038086,32.332203
32.50559616088867,32.362854
32.31260681152344,32.43815
32.50327682495117,32.51679
32.40095901489258,32.60742
32.44282531738281,32.687447
32.32190704345703,32.756626
32.247493743896484,32.800747
32.354454040527344,32.81718
32.368408203125,32.823406
32.319583892822266,32.82307
32.661399841308594,32.813442
32.714881896972656,32.82962
32.55210876464844,32.86548
32.8939323425293,32.895576
32.51722717285156,32.950512
32.884620666503906,32.981567
32.76836013793945,33.02818
32.7032585144043,33.0697
32.75905990600586,33.09815
33.43804931640625,33.12059
33.51247024536133,33.19962
33.4682731628418,33.315025
33.40550231933594,33.43985
33.4148063659668,33.55394
33.66361618041992,33.651794
33.48921203613281,33.753338
33.40550231933594,33.832016
33.33108901977539,33.881084
33.291542053222656,33.89947
32.9334602355957,33.892323
32.97299575805664,33.835743
32.7985954284668,33.75534
32.97996139526367,33.64988
32.83346176147461,33.553726
32.71253967285156,33.458
33.1218147277832,33.359478
33.082275390625,33.305237
33.40085220336914,33.280514
33.6077995300293,33.30651
33.4101448059082,33.382202
33.435733795166016,33.465405
33.40318298339844,33.548832
34.08449172973633,33.622295
34.30074691772461,33.746033
34.19609832763672,33.91166
34.07285690307617,34.080597
34.63792037963867,34.22572
35.57966613769531,34.395035
35.80754852294922,34.65224
35.63780212402344,34.96494
35.946006774902344,35.270596
36.448020935058594,35.573383
36.35462188720703,35.893925
36.3009033203125,36.188717
35.08209228515625,36.43554
35.616783142089844,36.515633
35.73820495605469,36.529633
35.95534896850586,36.509254
35.910987854003906,36.48738
35.80358123779297,36.46104
35.92733383178711,36.422905
35.86662292480469,36.39072
35.88064956665039,36.35835
35.668155670166016,36.329006
35.76621627807617,36.28355
36.29624557495117,36.240055
35.94133758544922,36.250195
36.06275939941406,36.260654
36.27757263183594,36.28158
36.188846588134766,36.327065
34.78556442260742,36.37604
33.954322814941406,36.29263
34.22751235961914,36.053894
33.89362335205078,35.76058
33.690486907958984,35.426216
33.218833923339844,35.075775
34.16913986206055,34.70189
33.85860061645508,34.433537
34.05940246582031,34.228123
34.00336456298828,34.100666
34.155128479003906,34.030155
34.047725677490234,34.017548
33.559730529785156,34.034515
34.05006408691406,34.02516
33.54804611206055,34.04609
33.627437591552734,34.039284
33.50602340698242,34.02372
33.643775939941406,33.993458
33.32623291015625,33.96995
33.66480255126953,33.924217
33.870277404785156,33.900093
33.97999954223633,33.91149
34.0290412902832,33.95555
34.503028869628906,34.02193
34.799560546875,34.141212
34.920989990234375,34.31206
35.04240417480469,34.513027
35.26188278198242,34.727524
35.10310745239258,34.95259
35.086753845214844,35.150215
35.5117073059082,35.311333
35.663490295410156,35.473923
35.83161163330078,35.63697
35.15447235107422,35.801315
34.90696334838867,35.888786
34.72719192504883,35.895367
35.035396575927734,35.831417
36.69084930419922,35.755093
36.32426452636719,35.83004
36.51573181152344,35.96135
37.080780029296875,36.135265
37.37731170654297,36.373344
37.606136322021484,36.65909
36.40830612182617,36.971592
36.91463088989258,37.162216
37.47018051147461,37.304157
37.880401611328125,37.452812
37.728031158447266,37.6303
37.00369644165039,37.79607
36.91931915283203,37.87161
36.851341247558594,37.873455
37.45377731323242,37.8199
37.50065612792969,37.790188
37.334224700927734,37.781677
37.47251510620117,37.771336
37.84993362426758,37.77278
38.187461853027344,37.816006
38.29059982299805,37.913174
38.442970275878906,38.04586
38.454689025878906,38.203762
37.99291229248047,38.364902
37.953067779541016,38.470642
37.80069351196289,38.52734
37.1842041015625,38.532616
37.8569450378418,38.44626
37.70692443847656,38.37055
37.42329406738281,38.29352
37.102149963378906,38.195667
37.47720718383789,38.062576
37.193580627441406,37.95285
37.2076416015625,37.840897
36.584110260009766,37.738518
35.95590591430664,37.59305
35.60429763793945,37.374096
35.290184020996094,37.094105
35.897300720214844,36.769985
36.152809143066406,36.502277
35.930118560791016,36.318333
36.12701416015625,36.18461
36.05434799194336,36.114136
36.21140670776367,36.0847
35.97700881958008,36.099895
36.42470932006836,36.121803
36.40362548828125,36.18883
36.53020095825195,36.27811
36.54426574707031,36.386856
36.69663619995117,36.500904
36.56771469116211,36.623398
36.799774169921875,36.729298
37.47720718383789,36.83735
37.61551284790039,37.00065
37.4490852355957,37.19849
36.563026428222656,37.386192
36.62631607055664,37.46849
36.60756301879883,37.481236
36.825565338134766,37.44549
36.663822174072266,37.401344
36.89822769165039,37.34001
38.22028732299805,37.29431
39.08056640625,37.385136
39.624385833740234,37.635853
39.120418548583984,38.01876
39.406394958496094,38.406715
40.43544387817383,38.790752
40.84565353393555,39.234333
40.9769287109375,39.715534
41.312129974365234,40.191074
41.22773742675781,40.652264
41.09130859375,41.054974
40.92662811279297,41.370747
40.30791473388672,41.585754
39.77625274658203,41.65697
40.2514533996582,41.577316
40.02796936035156,41.44956
39.98796463012695,41.278473
40.73136901855469,41.088722
41.15952682495117,40.97123
41.161869049072266,40.948883
40.9548454284668,40.98888
40.714900970458984,41.045277
39.87034606933594,41.083992
40.42789077758789,41.027996
40.23969268798828,40.96756
39.94562911987305,40.89106
39.90799331665039,40.78323
39.759788513183594,40.66096
39.83271026611328,40.525974
39.84446716308594,40.401363
40.62080383300781,40.295437
40.39260482788086,40.28366
40.526695251464844,40.31245
40.51493453979492,40.37812
40.92662811279297,40.4611
41.502994537353516,40.587025
41.06071853637695,40.78402
41.01602554321289,40.968662
41.17128372192383,41.12563
41.17128372192383,41.265663
40.126766204833984,41.382484
40.133827209472656,41.37607
40.246742248535156,41.29137
39.8115348815918,41.1734
40.52433776855469,41.002953
40.51729202270508,40.880013
40.70549392700195,40.797134
41.16893768310547,40.764862
41.01602554321289,40.811295
41.011314392089844,40.889973
41.00189971923828,40.98233
41.23480224609375,41.074562
41.660606384277344,41.18053
41.448890686035156,41.32609
42.13345718383789,41.464664
42.17109298706055,41.651123
41.9828987121582,41.855488
41.639442443847656,42.03597
41.64884567260742,42.152817
40.98543930053711,42.21887
40.25379943847656,42.183372
40.347900390625,42.016273
39.51276397705078,41.786995
39.27987289428711,41.458286
39.38808822631836,41.071934
39.470420837402344,40.691544
37.75779342651367,40.35546
36.8144416809082,39.916985
38.352989196777344,39.363255
37.531944274902344,38.92716
36.499202728271484,38.528355
36.945640563964844,38.09376
38.43376541137695,37.7169
38.81877899169922,37.54977
39.53449630737305,37.57012
40.862003326416016,37.77898
40.72971725463867,38.217583
40.59272384643555,38.7564
40.408485412597656,39.302776
40.74626541137695,39.79101
41.45488739013672,40.23212
42.274539947509766,40.67157
42.137535095214844,41.14906
42.07376480102539,41.59685
41.33678436279297,41.980377
41.62260818481445,42.218807
41.766693115234375,42.368416
41.731258392333984,42.45917
41.343868255615234,42.49884
41.79503631591797,42.46377
42.51311111450195,42.42402
42.92411804199219,42.44996
42.51074981689453,42.552773
42.14934539794922,42.655838
42.19895553588867,42.714836
42.050148010253906,42.74343
41.40763854980469,42.734478
41.39346694946289,42.640526
40.45572280883789,42.497757
39.88408660888672,42.24677
38.96051025390625,41.893738
40.810035705566406,41.4184
39.76362991333008,41.07865
39.324275970458984,40.757034
39.631343841552734,40.435043
39.37150192260742,40.169918
39.77543258666992,39.940643
40.536033630371094,39.793285
40.81712341308594,39.783768
39.77307891845703,39.891632
40.16754913330078,39.969822
40.92341995239258,40.0607
40.732086181640625,40.223568
41.133636474609375,40.402
41.273006439208984,40.614033
41.530487060546875,40.843227
42.102108001708984,41.088524
42.00761413574219,41.37701
40.81712341308594,41.65961
39.144744873046875,41.802216
39.0313835144043,41.68508
38.48809051513672,41.399464
38.655792236328125,40.977924
38.79044723510742,40.520527
38.34164047241211,40.09167
39.036094665527344,39.676193
39.943138122558594,39.37034
41.70763397216797,39.246292
41.78322219848633,39.415733
43.42251205444336,39.767742
43.73667526245117,40.3622
43.946903228759766,41.09198
44.256343841552734,41.866905
44.88938522338867,42.633553
44.71866226196289,43.388115
44.614315032958984,44.052887
44.2088508605957,44.59151
44.62144088745117,44.96217
44.33926010131836,45.229336
44.17802429199219,45.37719
44.491024017333984,45.41754
44.37957000732422,45.411785
44.66411590576172,45.36317
44.614315032958984,45.31533
44.71628952026367,45.26461
44.55504608154297,45.22369
44.46018981933594,45.175133
44.31081771850586,45.115025
45.10990524291992,45.03689
45.48693084716797,45.02803
45.837867736816406,45.098843
45.996742248535156,45.247364
45.87343978881836,45.447536
45.45610809326172,45.651474
45.34465789794922,45.800175
45.593624114990234,45.889328
45.21898651123047,45.955223
45.24269104003906,45.96422
44.77793502807617,45.937664
44.75423049926758,45.845833
44.031002044677734,45.71728
44.22307586669922,45.50716
43.976470947265625,45.280716
43.848419189453125,45.039486
43.19633483886719,44.797565
43.732234954833984,44.514694
43.668209075927734,44.280945
43.98595428466797,44.0931
43.89347457885742,43.981907
44.384315490722656,43.921734
43.611305236816406,43.94699
43.96223449707031,43.953003
44.57164001464844,43.98056
45.19053268432617,44.077705
45.135982513427734,44.270554
44.55030059814453,44.50416
45.29722595214844,44.689453
45.368370056152344,44.89876
45.26878356933594,45.11196
45.39681625366211,45.300053
45.14784622192383,45.467747
45.498783111572266,45.583836
45.39445114135742,45.68939
45.43476104736328,45.76833
45.76436996459961,45.82648
46.195926666259766,45.896557
46.05129623413086,46.00814
45.285377502441406,46.122204
45.031654357910156,46.154774
45.121761322021484,46.10729
47.77989196777344,46.019768
49.17653274536133,46.16474
49.31879425048828,46.577988
49.574893951416016,47.14196
49.110137939453125,47.778572
49.14332962036133,48.361656
49.52985382080078,48.86172
49.38230895996094,49.299908
49.701171875,49.644142
49.91057205200195,49.92654
50.02717590332031,50.16221
50.76006317138672,50.35606
51.77374267578125,50.573677
51.269283294677734,50.88172
51.169334411621094,51.1703
51.17171859741211,51.409718
51.27642059326172,51.594124
51.435848236083984,51.73431
51.859405517578125,51.84646
52.2781982421875,51.96886
53.058685302734375,52.124912
53.54649353027344,52.361668
54.1651496887207,52.674366
54.33887481689453,53.06629
53.984310150146484,53.489834
53.08722686767578,53.86097
52.6589241027832,54.077965
51.952205657958984,54.133762
53.26570510864258,54.010635
52.60419464111328,53.90724
53.87485885620117,53.759014
53.26332473754883,53.716015
51.84511947631836,53.683365
51.9307861328125,53.523487
51.96172332763672,53.303326
52.35672378540039,53.064835
51.792781829833984,52.872437
52.53756332397461,52.671875
52.870697021484375,52.555344
52.449520111083984,52.5346
53.52745056152344,52.5374
53.71542739868164,52.65937
54.07712173461914,52.865376
54.55778884887695,53.143154
55.2216682434082,53.48961
54.25082015991211,53.914215
53.370391845703125,54.25878
53.24665832519531,54.4377
53.984310150146484,54.482082
51.48344039916992,54.50582
51.0289421081543,54.27233
52.85166931152344,53.85102
51.72139358520508,53.519
52.86117935180664,53.162796
52.632747650146484,52.932365
51.40252685546875,52.779945
52.18539810180664,52.573654
52.504249572753906,52.42657
52.99919128417969,52.360477
51.181243896484375,52.400444
52.302001953125,52.33175
51.46916198730469,52.308575
50.503074645996094,52.236526
50.75529861450195,52.048428
52.07831954956055,51.82738
52.877838134765625,51.731358
49.37041091918945,51.801125
47.9688720703125,51.637016
48.487613677978516,51.20594
49.958160400390625,50.69051
49.783843994140625,50.305862
48.82394027709961,50.02289
46.364471435546875,49.74066
45.90123748779297,49.251305
44.604652404785156,48.629684
45.705440521240234,47.854992
46.21165466308594,47.156063
44.38018798828125,46.616142
42.259796142578125,46.055058
42.21204376220703,45.33276
41.13990783691406,44.568493
41.69626235961914,43.74524
41.60553741455078,43.011936
43.205379486083984,42.39521
42.873470306396484,42.061874
42.64186477661133,41.912857
44.13187026977539,41.878822
42.19056701660156,42.06629
41.720149993896484,42.201435
40.23253631591797,42.251698
40.497581481933594,42.10614
40.265960693359375,41.875244
40.3781852722168,41.58998
40.81993865966797,41.307697
39.5138053894043,41.09557
39.14605712890625,40.826744
39.65468215942383,40.512638
38.417789459228516,40.245636
37.44831848144531,39.917824
35.99175262451172,39.490776
35.06049728393555,38.902443
37.529502868652344,38.17627
37.285953521728516,37.655704
37.30506134033203,37.291492
37.66560745239258,37.064495
37.70859146118164,36.98163
33.952545166015625,37.005234
35.401947021484375,36.7486
35.32315444946289,36.471016
35.99652099609375,36.197685
36.60780334472656,36.01593
36.72481918334961,35.96812
36.3642578125,36.02419
35.817440032958984,36.11119
36.550506591796875,36.16175
36.99702072143555,36.254055
37.21670913696289,36.408012
37.44593811035156,36.61035
36.60542297363281,36.849003
36.753475189208984,37.013153
36.46215057373047,37.129494
37.67039108276367,37.177853
37.321773529052734,37.290745
36.934932708740234,37.402843
39.45888137817383,37.468956
39.74303436279297,37.734417
39.76213455200195,38.131344
40.89156723022461,38.580837
41.59120178222656,39.13045
41.60553741455078,39.761658
40.81755828857422,40.39147
40.865516662597656,40.89088
40.630496978759766,41.265846
40.98061752319336,41.503735
40.81035614013672,41.66328
40.95903778076172,41.740036
40.8679084777832,41.768482
40.99020767211914,41.75224
41.25398635864258,41.717728
41.02138137817383,41.69681
41.47941589355469,41.662483
41.78157424926758,41.663662
41.80554962158203,41.71412
41.935054779052734,41.792793
41.522579193115234,41.893845
41.95902633666992,41.960682
42.1700553894043,42.03981
42.093318939208984,42.138737
41.85112380981445,42.23397
41.36671447753906,42.29523
41.46502685546875,42.283142
42.901466369628906,42.23346
43.38349151611328,42.298065
43.57532501220703,42.4753
44.05973815917969,42.72785
44.632877349853516,43.05245
45.08852005004883,43.448826
44.731201171875,43.899513
45.12208938598633,44.311768
46.7839469909668,44.69971
45.815128326416016,45.194065
45.261173248291016,45.62085
44.793548583984375,45.91392
45.19643020629883,46.04915
45.25637435913086,46.106853
45.55134201049805,46.112785
45.860694885253906,46.110775
46.52735900878906,46.130997
46.846309661865234,46.224983
46.927833557128906,46.386627
47.241973876953125,46.583977
47.985382080078125,46.815464
47.84149169921875,47.11777
48.11007308959961,47.42417
47.7096061706543,47.73101
47.6904182434082,47.971817
47.77674102783203,48.146027
47.78154373168945,48.268665
48.71199417114258,48.346214
48.887054443359375,48.47492
49.04772186279297,48.64017
49.75515365600586,48.828674
49.67841339111328,49.081707
49.227577209472656,49.34528
48.99257278442383,49.548508
49.06691360473633,49.6714
48.1220703125,49.73724
50.48418045043945,49.66881
50.155635833740234,49.743977
50.77912902832031,49.87104
49.994972229003906,50.079742
48.647254943847656,50.246613
48.65684509277344,50.24268
48.134071350097656,50.129093
47.467247009277344,49.903152
44.708465576171875,49.560165
45.41621780395508,48.908623
45.96026611328125,48.183193
45.758052825927734,47.52348
45.49806213378906,46.944492
44.075347900390625,46.444405
44.920318603515625,45.90523
44.000728607177734,45.46973
43.249637603759766,45.05297
43.08354187011719,44.61645
42.9053955078125,44.192047
42.700775146484375,43.7981
42.92224884033203,43.441692
42.144691467285156,43.16442
41.71859359741211,42.892082
43.24483108520508,42.60999
43.94293975830078,42.49264
44.58811950683594,42.559856
45.77489471435547,42.804367
46.359886169433594,43.256897
46.89670944213867,43.86217
46.74746322631836,44.56672
46.737823486328125,45.26187
46.39839172363281,45.891018
46.675235748291016,46.39115
47.7729606628418,46.790764
47.63334274291992,47.194008
48.01610565185547,47.54978
47.852413177490234,47.879227
47.80426788330078,48.14532
47.07966232299805,48.340683
48.097957611083984,48.401928
48.08351516723633,48.46581
47.645389556884766,48.52109
48.51923751831055,48.522133
48.80329132080078,48.56908
49.20772171020508,48.665764
49.16437911987305,48.8227
48.150909423828125,48.998825
48.444602966308594,49.073902
48.92366027832031,49.104095
48.56737518310547,49.146313
48.94050598144531,49.15716
49.400306701660156,49.18158
49.22938919067383,49.255093
48.95254135131836,49.33653
49.50864028930664,49.38898
48.769596099853516,49.47045
49.884178161621094,49.491936
50.27415466308594,49.57895
50.23323440551758,49.73641
49.83602523803711,49.921295
50.00934982299805,50.0695
50.476375579833984,50.19725
50.25971603393555,50.344307
51.285221099853516,50.469402
50.17545700073242,50.666946
49.11383819580078,50.786625
46.5428352355957,50.744358
47.42390441894531,50.355366
47.91499328613281,49.86103
48.971805572509766,49.38647
48.568260192871094,49.066128
48.44501876831055,48.834328
50.4965934753418,48.66885
48.993553161621094,48.75617
48.749488830566406,48.855274
49.89971923828125,48.93222
50.830055236816406,49.098194
50.83247375488281,49.39588
51.38343048095703,49.753635
51.339927673339844,50.17272
48.96696853637695,50.590977
49.897300720214844,50.7458
49.334266662597656,50.807137
49.665313720703125,50.74716
50.506248474121094,50.645645
50.44102096557617,50.60545
49.70640563964844,50.600952
50.549739837646484,50.54928
51.5380744934082,50.551823
51.53323745727539,50.68201
51.753135681152344,50.881775
52.36449432373047,51.12988
54.02943420410156,51.445377
53.90861129760742,51.935482
52.85987091064453,52.48269
53.13776779174805,52.918304
53.331085205078125,53.27015
53.83128356933594,53.553844
53.393917083740234,53.815178
52.6134033203125,53.995316
52.852638244628906,54.030914
52.601314544677734,53.991547
53.41081619262695,53.880558
53.135353088378906,53.80903
52.87678909301758,53.740265
54.12126159667969,53.653248
54.27109146118164,53.680202
52.910621643066406,53.7905
53.360076904296875,53.81345
54.855865478515625,53.82133
54.86793899536133,53.960938
54.22517395019531,54.17297
54.86069869995117,54.351437
55.600128173828125,54.55381
57.079010009765625,54.82387
56.9968376159668,55.255642
56.86392593383789,55.744854
56.63438034057617,56.215435
56.85426712036133,56.609745
57.12733459472656,56.940304
58.11807632446289,57.225327
57.985172271728516,57.549957
58.76325988769531,57.856297
58.859928131103516,58.197826
59.584861755371094,58.53872
60.181724548339844,58.917496
58.78984832763672,59.34252
58.78258514404297,59.6222
60.11164474487305,59.78162
61.817665100097656,59.975292
62.22362518310547,60.336002
62.134212493896484,60.808952
62.160789489746094,61.30209
62.878211975097656,61.765297
63.05029296875,62.235706
63.5495719909668,62.682693
63.49140930175781,63.121296
64.09976959228516,63.50686
63.656227111816406,63.881
64.41242218017578,64.16759
64.7372055053711,64.44393
64.54085540771484,64.716934
63.78953170776367,64.94112
63.50353240966797,65.037506
63.44777297973633,65.01236
64.5602798461914,64.90237
64.05614471435547,64.85327
64.91654205322266,64.794495
64.77355194091797,64.817635
64.02462005615234,64.87454
62.88307189941406,64.873474
63.438079833984375,64.722435
64.3687973022461,64.54191
65.61216735839844,64.44719
64.69356536865234,64.53639
65.0716781616211,64.64507
65.6266860961914,64.7951
65.79391479492188,65.012085
66.68827819824219,65.26885
67.82982635498047,65.61635
67.96316528320312,66.10293
67.80077362060547,66.648415
67.86861419677734,67.16772
67.72805786132812,67.63041
68.83324432373047,68.00038
68.89868927001953,68.38543
70.26568603515625,68.74939
70.2389907836914,69.200905
70.65587615966797,69.662575
71.1721420288086,70.12934
72.79601287841797,70.60604
72.0882797241211,71.20456
72.66270446777344,71.7537
72.32097625732422,72.27773
73.48435974121094,72.700745
75.04522705078125,73.13361
75.2148666381836,73.6844
76.82181549072266,74.274025
75.78445434570312,74.99353
75.45966339111328,75.62353
76.4049072265625,76.10525
77.25079345703125,76.53857
76.7272720336914,76.980515
77.00114440917969,77.3308
77.37196350097656,77.61472
77.14899444580078,77.86242
74.88040161132812,78.03714
76.99871826171875,77.9177
78.61048126220703,77.83026
78.49656677246094,77.924324
75.01615142822266,78.11035
74.81010437011719,77.988
77.27987670898438,77.65945
77.9100570678711,77.47034
78.82135772705078,77.44456
77.74994659423828,77.61631
78.1192398071289,77.79083
77.64791107177734,77.98987
79.49188232421875,78.13785
78.92583465576172,78.424774
78.94524383544922,78.71534
77.49972534179688,78.985405
78.62213897705078,79.07203
77.8155517578125,79.14657
76.05419158935547,79.12207
72.44159698486328,78.8594
69.98783111572266,78.10567
71.09809112548828,76.861244
66.45053100585938,75.52374
66.41167449951172,73.779625
72.59465026855469,71.93356
70.28910064697266,70.79784
73.54940795898438,69.98637
71.1636962890625,69.78867
70.21862030029297,69.76909
64.66490936279297,69.782745
69.32215881347656,69.273895
66.91456604003906,68.94587
60.30644226074219,68.523415
67.53165435791016,67.43726
58.84391784667969,66.74378
61.43128967285156,65.50568
59.92744827270508,64.298546
59.468284606933594,63.070847
55.692901611328125,61.901554
54.50975799560547,60.512238
59.97847366333008,58.999622
59.64806365966797,58.076965
62.78692626953125,57.58524
60.18740463256836,57.72913
61.905029296875,58.024467
61.77870178222656,58.569683
58.528079986572266,59.221405
59.50472640991211,59.576027
58.649566650390625,59.81154
63.765987396240234,59.8693
63.02745056152344,60.309963
64.64058685302734,60.88615
65.10704040527344,61.66209
66.38494110107422,62.545113
69.73761749267578,63.54593
69.10108947753906,64.86306
69.650146484375,66.20311
68.70507049560547,67.49466
67.27899169921875,68.54442
65.19937133789062,69.201706
67.07734680175781,69.33845
66.81739044189453,69.308586
68.74639892578125,69.13878
68.79497528076172,69.07885
67.67984771728516,69.09177
69.9028091430664,69.035675
71.37747955322266,69.15582
70.22835540771484,69.51709
71.22200012207031,69.88343
72.29096221923828,70.31763
73.03681945800781,70.8583
73.79236602783203,71.48996
75.54875946044922,72.19634
76.73753356933594,73.059944
75.86058807373047,74.06255
74.94462585449219,74.97497
75.40503692626953,75.654976
74.95923614501953,76.167366
76.7253646850586,76.47566
76.2820053100586,76.79722
77.7655258178711,77.04656
77.18577575683594,77.37202
77.68272399902344,77.65229
77.15656280517578,77.92478
77.49272155761719,78.10947
77.52680969238281,78.250984
77.4512939453125,78.35018
78.4037857055664,78.401505
78.76676177978516,78.50916
79.20036315917969,78.675
78.51827239990234,78.90393
80.7545394897461,79.08137
81.23202514648438,79.43324
83.79714965820312,79.908325
85.95304870605469,80.67732
81.82642364501953,81.780075
82.53285217285156,82.57896
83.55357360839844,83.187164
85.76789093017578,83.7151
85.6485366821289,84.36298
85.68266296386719,85.01126
85.19300842285156,85.602715
87.42198181152344,86.05045
89.2879867553711,86.588
87.71188354492188,87.31619
88.87628173828125,87.93439
86.14550018310547,88.543816
88.13088989257812,88.80607
88.86656951904297,89.02312
88.69847869873047,89.25576
88.69847869873047,89.45413
91.07115936279297,89.608086
90.78857421875,89.95711
92.90306091308594,90.362526
93.30257415771484,90.98199
93.46578979492188,91.717125
93.03462219238281,92.47418
94.5741958618164,93.12924
95.22461700439453,93.814766
94.05287170410156,94.51764
93.86286163330078,95.04246
95.84093475341797,95.38355
94.51817321777344,95.77402
94.78368377685547,96.01473
90.46947479248047,96.162926
90.245361328125,95.786415
92.38418579101562,95.08651
90.8665542602539,94.45417
92.60832214355469,93.75628
93.72888946533203,93.25865
103.5412368774414,93.043396
106.15021514892578,94.03737
106.8591079711914,95.97599
107.2464370727539,98.42815
110.9881820678711,101.03593
108.46478271484375,103.901764
110.04130554199219,106.401985
106.7686996459961,108.60963
110.31707763671875,110.07156
112.26940155029297,111.29278
112.16934967041016,112.43109
111.87649536132812,113.38505
112.80875396728516,114.08973
112.95027923583984,114.654106
115.45659637451172,115.07311
121.4063720703125,115.61078
122.85842895507812,116.78746
121.85051727294922,118.3966
123.507568359375,120.01866
122.03113555908203,121.671524
121.83343505859375,123.01714
125.965087890625,124.01221
130.9825897216797,125.12039
128.26882934570312,126.71433
117.99951171875,128.15642
118.07762145996094,128.2571
110.131591796875,127.51105
114.52437591552734,125.41094
110.78563690185547,123.11346
109.33112335205078,120.4661
112.61106872558594,117.68473
112.78678894042969,115.415405
109.45803833007812,113.68647
107.71070098876953,112.11293
104.29408264160156,110.61309
107.4568862915039,108.94765
109.14563751220703,107.67699
104.56742095947266,106.953354
105.64122772216797,106.17694
109.6044692993164,105.57722
112.22061157226562,105.57053
111.371337890625,106.22625
113.05033874511719,107.17146
114.00698852539062,108.41319
110.32682800292969,109.84316
113.7238998413086,110.88488
110.46349334716797,111.95908
112.33776092529297,112.605606
112.23033905029297,113.12918
114.18270111083984,113.50851
121.43565368652344,113.967384
118.21428680419922,115.19905
118.30213928222656,116.45417
117.83358764648438,117.63042
116.18385314941406,118.593124
113.21630859375,119.14914
114.7098388671875,119.07255
114.08509826660156,118.753944
112.99178314208984,118.22641
112.29869079589844,117.48989
112.30844116210938,116.60763
113.82151794433594,115.70768
108.55018615722656,115.032936
112.57201385498047,113.99746
106.26595306396484,113.26384
106.17810821533203,112.109024
107.80831146240234,110.799255
112.2108383178711,109.67935
116.19361877441406,109.24484
116.06158447265625,109.70592
113.74408721923828,110.688774
113.4018325805664,111.68516
116.84388732910156,112.57735
116.57007598876953,113.691574
116.61897277832031,114.813385
117.63597869873047,115.84926
116.74610137939453,116.84572
115.41622924804688,117.628334
116.0127182006836,118.06134
114.74150085449219,118.293144
111.32878875732422,118.23114
112.61956024169922,117.62043
113.46051788330078,116.85292
114.00811004638672,116.131645
116.41364288330078,115.55663
120.00237274169922,115.3789
120.3543930053711,115.84638
120.2175064086914,116.71574
119.54277038574219,117.752464
121.00956726074219,118.73199
121.6255874633789,119.74364
119.08317565917969,120.743675
120.51083374023438,121.36938
119.69921875,121.85458
119.08317565917969,122.10769
125.04808044433594,122.1199
124.97964477539062,122.611435
125.84993743896484,123.33573
123.8551254272461,124.23673
125.39035034179688,124.94795
128.9595184326172,125.6386
128.05990600585938,126.62571
129.0475311279297,127.59975
133.66299438476562,128.58217
131.88331604003906,129.97034
130.75877380371094,131.27852
129.75160217285156,132.29439
126.54421997070312,132.91356
128.1087646484375,132.86386
123.79643249511719,132.55702
128.02081298828125,131.62555
129.12574768066406,130.84015
126.12371826171875,130.31317
125.94771575927734,129.66637
127.99144744873047,128.98839
126.05528259277344,128.5678
124.3244857788086,128.13145
124.99920654296875,127.54424
129.106201171875,126.991005
133.8390350341797,126.95053
135.99029541015625,127.7445
139.75502014160156,129.22862
139.98973083496094,131.43378
138.9140625,133.9232
134.05413818359375,136.25577
129.0377655029297,137.74518
131.16946411132812,138.01793
132.00070190429688,137.72278
130.9739227294922,137.1578
134.3474884033203,136.34595
133.9312744140625,135.81244
134.0782012939453,135.44012
133.19677734375,135.2182
132.58963012695312,135.01111
132.33499145507812,134.76468
132.5700225830078,134.48541
130.43515014648438,134.23347
128.1337432861328,133.78647
127.02711486816406,133.01112
127.18382263183594,131.98183
123.39383697509766,130.9027
123.25672912597656,129.47942
122.75727844238281,127.966255
118.48747253417969,126.4816
118.75189208984375,124.69781
125.1468276977539,122.93419
122.53203582763672,122.03469
119.53534698486328,121.481926
117.64525604248047,120.905754
118.90857696533203,120.18597
113.95325469970703,119.59043
118.58538818359375,118.60623
117.49838256835938,117.98337
119.4374008178711,117.52861
118.52664947509766,117.44765
121.4254150390625,117.523674
122.97272491455078,118.01852
122.17947387695312,118.90565
118.0369873046875,119.88711
117.50814819335938,120.40838
120.83782196044922,120.54737
120.00540924072266,120.78655
117.6060791015625,120.97066
118.09573364257812,120.85174
118.70291137695312,120.608955
118.87919616699219,120.370186
117.41999816894531,120.172134
119.62347412109375,119.86161
120.45589447021484,119.7467
123.2959213256836,119.84943
123.59950256347656,120.38592
125.25456237792969,121.178856
127.6636734008789,122.24458
130.24903869628906,123.644485
128.5254669189453,125.40521
131.64947509765625,127.045166
129.29913330078125,128.80066
131.71803283691406,130.20064
131.3850555419922,131.50894
132.05099487304688,132.58481
130.35678100585938,133.47731
130.73873901367188,133.97214
129.2109832763672,134.20102
131.54177856445312,134.05603
131.9334716796875,133.92958
131.61032104492188,133.84752
130.8170623779297,133.7551
130.71914672851562,133.56975
128.7409210205078,133.32454
129.79856872558594,132.8399
125.2055892944336,132.36041
125.45040893554688,131.41875
127.05647277832031,130.30493
127.73336791992188,129.34923
124.4372787475586,128.64827
123.51515197753906,127.818344
120.43486022949219,126.89587
122.59300994873047,125.67054
125.0258560180664,124.607925
123.86830139160156,124.00432
122.47530364990234,123.62643
122.318359375,123.29211
124.88851928710938,123.011925
123.04429626464844,123.07604
124.6825180053711,123.15763
124.4863052368164,123.43468
124.4372787475586,123.792984
122.89710998535156,124.17398
122.23988342285156,124.37523
121.91614532470703,124.3812
122.68131256103516,124.23071
121.19023895263672,124.07837
123.49553680419922,123.77774
123.50534057617188,123.66363
124.32937622070312,123.67447
124.71192932128906,123.856255
123.71133422851562,124.17203
124.92776489257812,124.43845
127.99821472167969,124.7842
127.1741943359375,125.47653
127.67450714111328,126.23156
129.28329467773438,127.01698
127.97862243652344,127.9219
129.78359985351562,128.67337
131.43165588378906,129.4555
131.156982421875,130.35457
130.8724822998047,131.2082
130.5782012939453,131.9208
132.21644592285156,132.44048
133.7369384765625,132.96025
134.35498046875,133.58476
134.65908813476562,134.27522
137.2979278564453,134.96976
139.3187255859375,135.88338
141.8202362060547,137.05891
140.5155487060547,138.5567
142.34996032714844,139.967
141.75155639648438,141.3913
142.869873046875,142.61104
146.31314086914062,143.70251
145.6558380126953,144.97473
143.6055908203125,146.1489
139.74053955078125,146.9172
143.3701934814453,146.92026
142.63441467285156,146.83095
144.00782775878906,146.57622
145.73431396484375,146.38106
146.15615844726562,146.41505
143.97837829589844,146.62332
142.22242736816406,146.67409
142.869873046875,146.42572
143.08567810058594,146.07722
142.7521514892578,145.70903
144.55712890625,145.31876
144.15493774414062,145.14679
144.26287841796875,145.07643
143.57518005371094,145.09093
143.52601623535156,145.08139
143.0446319580078,145.05417
143.30006408691406,144.96436
146.27685546875,144.87245
146.48321533203125,145.11534
148.46774291992188,145.56322
147.55404663085938,146.324
143.7913055419922,147.10902
144.12530517578125,147.42612
145.58917236328125,147.46393
147.08250427246094,147.47435
146.99411010742188,147.62248
145.75619506835938,147.8284
144.95057678222656,147.9148
145.9919891357422,147.83006
150.43264770507812,147.75801
149.165283203125,148.18515
149.83335876464844,148.73419
150.95335388183594,149.39232
151.59194946289062,150.17998
153.9400177001953,151.04305
152.38771057128906,152.13206
151.36599731445312,153.08063
146.35549926757812,153.74126
146.92530822753906,153.59471
145.52040100097656,153.0197
146.41445922851562,152.05159
146.1786346435547,151.01746
143.4965362548828,149.99867
140.4313201904297,148.78316
140.91275024414062,147.22252
143.29025268554688,145.64699
144.25308227539062,144.46512
144.34146118164062,143.74425
142.81869506835938,143.3994
139.41941833496094,143.16861
140.32321166992188,142.67259
139.0166015625,142.17209
140.14639282226562,141.57304
136.69801330566406,141.10352
138.6334228515625,140.38501
139.50778198242188,139.80757
140.77513122558594,139.46873
140.39199829101562,139.45985
140.30357360839844,139.62714
139.02639770507812,139.894
138.43695068359375,140.06845
141.23692321777344,140.11427
142.2979736328125,140.38768
143.97796630859375,140.89285
146.149169921875,141.68816
146.64039611816406,142.83533
146.85650634765625,144.15446
146.0803985595703,145.48859
146.03126525878906,146.62349
146.69935607910156,147.52109
146.2376251220703,148.25235
149.89234924316406,148.74898
147.17092895507812,149.44926
146.34567260742188,149.89098
147.3870849609375,150.03917
148.83123779296875,150.09343
148.31057739257812,150.22794
148.8418731689453,150.32944
148.015380859375,150.45456
148.3794708251953,150.48154
145.53599548339844,150.48004
145.48680114746094,150.1359
147.5726776123047,149.6036
147.58251953125,149.22356
148.5663604736328,148.96391
151.0162353515625,148.91331
155.32562255859375,149.26852
157.9624786376953,150.32153
158.4248809814453,152.00598
158.8085479736328,153.98769
159.3300323486328,156.02228
154.28271484375,157.95885
157.657470703125,159.08015
162.63589477539062,159.96687
162.1144561767578,161.15115
161.12071228027344,162.32693
159.23167419433594,163.27132
162.65557861328125,163.75874
168.42111206054688,164.28697
172.25830078125,165.41124
171.7466583251953,167.21126
176.55784606933594,169.19637
172.9076385498047,171.65785
171.52037048339844,173.7454
176.4102783203125,175.24559
169.48370361328125,176.77347
168.3817596435547,177.33823
167.01416015625,177.12341
170.20199584960938,176.25049
172.80926513671875,175.38243
173.4389190673828,174.85672
177.42367553710938,174.64339
176.40042114257812,175.09114
176.48895263671875,175.77563
175.32798767089844,176.55873
174.70814514160156,177.19127
179.07659912109375,177.59541
176.80381774902344,178.30963
172.10084533691406,178.86522
169.22793579101562,178.73672
169.3951873779297,177.86887
169.41485595703125,176.62961
172.25830078125,175.25754
172.70103454589844,174.24518
169.41485595703125,173.59024
170.2806854248047,172.85112
167.0634002685547,172.24474
163.5509033203125,171.40994
161.858642578125,170.12755
159.79249572753906,168.5054
159.01522827148438,166.5931
157.2048797607422,164.59967
157.11631774902344,162.54608
156.65390014648438,160.6533
167.58486938476562,158.99934
171.96311950683594,158.89609
171.79586791992188,160.26103
173.00604248046875,162.4368
170.11338806152344,165.098
169.82774353027344,167.5108
169.10858154296875,169.53496
172.23147583007812,171.04608
173.659912109375,172.4475
169.56175231933594,173.79344
166.1334686279297,174.502
166.36990356445312,174.35925
170.22177124023438,173.7143
169.98532104492188,173.22812
166.36990356445312,172.8299
164.81336975097656,172.10779
161.877685546875,171.07805
157.6908416748047,169.61066
160.32118225097656,167.5312
162.39981079101562,165.56308
162.665771484375,164.06436
160.77432250976562,163.02876
164.08438110351562,162.17981
163.75927734375,161.92012
160.74476623535156,162.01965
156.9322967529297,162.01599
155.0999298095703,161.54257
160.52806091308594,160.63104
156.1638946533203,160.14684
152.43020629882812,159.47343
148.38128662109375,158.35562
152.7848663330078,156.6275
157.21798706054688,155.18358
158.232666015625,154.5361
161.54273986816406,154.568
162.92190551757812,155.41718
166.31080627441406,156.8701
167.68011474609375,158.96861
171.48277282714844,161.44214
172.1230926513672,164.36424
172.99002075195312,167.36818
176.3000946044922,170.24687
175.12777709960938,173.14896
172.0147247314453,175.63972
171.7191925048828,177.27388
175.78781127929688,178.16905
172.4580535888672,178.94868
169.27606201171875,179.15465
169.58143615722656,178.60542
167.56190490722656,177.64815
163.2864227294922,176.25945
165.16802978515625,174.225
167.86729431152344,172.18227
162.833251953125,170.60213
162.61654663085938,168.87198
164.91188049316406,167.2048
164.7444305419922,165.9888
163.9464569091797,165.14645
159.3852996826172,164.5404
160.45909118652344,163.64027
154.46946716308594,162.78706
154.2428741455078,161.3705
161.20777893066406,159.73804
155.3068084716797,158.90776
155.6122283935547,157.98734
157.10960388183594,157.17528
163.55242919921875,156.68619
154.4398956298828,157.17967
155.16998291015625,157.2256
150.0199737548828,157.12224
152.43711853027344,156.36005
144.53460693359375,155.54858
140.64744567871094,153.89346
145.1363983154297,151.46379
143.5874786376953,149.28061
147.23782348632812,147.27147
138.9307861328125,145.9838
135.50735473632812,144.35942
135.74412536621094,142.34427
141.19007873535156,140.31474
138.4769744873047,139.07149
138.6348114013672,138.1465
141.85108947753906,137.56236
147.63246154785156,137.62222
146.84317016601562,138.73389
146.71495056152344,140.336
149.181396484375,142.11977
143.42959594726562,144.14659
144.17942810058594,145.51056
146.71495056152344,146.43736
145.97499084472656,147.27538
140.72640991210938,147.8874
135.29029846191406,147.71954
130.11070251464844,146.48268
130.97891235351562,144.11621
133.6131134033203,141.349
128.3151397705078,138.8539
129.79501342773438,136.17133
134.04718017578125,133.79982
133.53421020507812,132.30377
136.4149932861328,131.4448
139.75953674316406,131.40382
139.75953674316406,132.26186
135.5961456298828,133.6266
137.3621368408203,134.75609
134.88580322265625,135.85197
137.066162109375,136.55655
139.660888671875,137.20055
141.0026092529297,138.02711
144.38662719726562,139.03862
145.06732177734375,140.44841
142.9264678955078,142.0509
143.90318298339844,143.39406
143.53811645507812,144.56044
146.47816467285156,145.45453
148.1553497314453,146.41
145.0969696044922,147.48216
148.97421264648438,148.17752
150.98683166503906,148.99937
153.26583862304688,150.02158
152.02276611328125,151.31473
150.89805603027344,152.50606
149.56617736816406,153.39174
154.68653869628906,153.8415
155.23902893066406,154.53108
160.32980346679688,155.33624
159.3432159423828,156.69916
157.86334228515625,158.1524
163.90127563476562,159.35962
163.58554077148438,160.96939
163.35830688476562,162.61261
162.88409423828125,164.0914
162.93345642089844,165.26074
167.20144653320312,166.11415
166.4604949951172,167.15004
170.02699279785156,168.08586
171.10385131835938,169.26466
170.94578552246094,170.5792
172.44749450683594,171.82202
172.0522918701172,173.05981
169.4539794921875,174.10983
165.55157470703125,174.63062
165.2156524658203,174.31296
165.5120391845703,173.44746
167.98193359375,172.3242
161.6491241455078,171.4012
159.43612670898438,169.94786
156.99586486816406,168.06253
155.3262481689453,165.79831
156.0573272705078,163.31744
153.9332275390625,161.01404
152.6686248779297,158.79683
154.08139038085938,156.71574
152.5994873046875,155.08722
155.47439575195312,153.74026
161.46139526367188,153.04309
151.9869384765625,153.5015
153.439208984375,153.5986
150.53463745117188,153.68283
148.884765625,153.4327
152.61920166015625,152.83514
155.0100860595703,152.5051
151.868408203125,152.63953
150.90017700195312,152.71529
148.61801147460938,152.66635
148.9539031982422,152.30042
149.9320068359375,151.81898
148.03512573242188,151.42047
140.7637481689453,150.90335
136.53530883789062,149.56558
140.73414611816406,147.3925
144.3401641845703,145.36536
144.6365203857422,143.99994
143.6782684326172,143.21379
138.4025421142578,142.77988
138.72860717773438,142.04832
137.30593872070312,141.26112
136.6736602783203,140.36067
141.2676544189453,139.4173
136.71315002441406,139.04991
140.69459533691406,138.58159
142.0184783935547,138.56058
142.1271514892578,138.96964
141.66281127929688,139.63919
145.49609375,140.37616
147.64981079101562,141.52252
150.50497436523438,143.05844
147.55101013183594,145.0212
143.0558319091797,146.74771
153.86407470703125,147.68051
151.4929656982422,149.22955
148.8353729248047,150.71822
143.28305053710938,151.74551
137.2071533203125,151.76613
136.93994140625,150.47371
137.47433471679688,148.43692
138.04830932617188,146.15205
133.4664764404297,143.96729
145.3415985107422,141.53511
148.1421356201172,140.48624
146.7369384765625,140.68268
148.47860717773438,141.51076
147.24160766601562,142.87871
149.1515350341797,144.33336
149.71559143066406,145.93411
146.4697265625,147.54153
148.6171417236328,148.64734
149.49789428710938,149.5813
146.56869506835938,150.40387
142.71917724609375,150.74712
139.70091247558594,150.3307
146.48951721191406,149.13728
146.76663208007812,148.30785
146.27182006835938,147.781
145.1041259765625,147.44058
141.42282104492188,147.12218
139.47332763671875,146.44241
141.16549682617188,145.38994
140.6806182861328,144.38545
142.9863739013672,143.44177
143.9561767578125,142.88242
141.7196807861328,142.7229
135.0795135498047,142.5919
133.1102294921875,141.77599
130.9925079345703,140.40929
130.92323303222656,138.59052
134.04043579101562,136.65233
130.85394287109375,135.16035
130.48780822753906,133.7414
128.6768341064453,132.48413
124.7283706665039,131.2609
128.26123046875,129.76212
128.577880859375,128.63171
123.76846313476562,127.87441
125.04503631591797,126.9221
123.7189712524414,126.10152
128.27110290527344,125.3054
128.79559326171875,125.10746
129.36953735351562,125.36851
132.100830078125,125.9794
132.02166748046875,127.068634
133.35763549804688,128.363
134.5253448486328,129.82957
133.8029327392578,131.40486
133.86228942871094,132.83081
136.43524169921875,134.04318
139.6415557861328,135.28755
141.04676818847656,136.77815
140.3837432861328,138.43173
142.46189880371094,139.9584
144.411376953125,141.48808
141.51185607910156,143.07658
142.78843688964844,144.22003
143.91659545898438,145.11205
149.25050354003906,145.86348
152.89219665527344,147.02576
150.15101623535156,148.71487
153.04063415527344,150.25908
150.3390350341797,151.88893
149.29995727539062,153.09386
149.66668701171875,153.79375
152.48143005371094,154.12952
151.83721923828125,154.49258
153.9482421875,154.73775
152.3426513671875,155.10829
151.1929931640625,155.32126
147.1591796875,155.27864
147.58534240722656,154.61569
148.0709991455078,153.66646
145.40493774414062,152.658
146.60415649414062,151.39592
146.0987091064453,150.22528
144.01739501953125,149.15364
144.612060546875,148.01433
149.68650817871094,147.01118
152.4615936279297,146.7478
150.25143432617188,147.27628
151.51014709472656,148.02026
149.2504119873047,148.9938
147.17901611328125,149.7751
149.13148498535156,150.14565
151.23265075683594,150.44537
151.6290740966797,150.89772
154.463623046875,151.44427
153.62118530273438,152.31802
155.99984741210938,153.21706
157.86309814453125,154.32002
156.42601013183594,155.64873
157.51625061035156,156.82971
158.82449340820312,157.932
156.87200927734375,159.01659
156.2476043701172,159.75717
159.33987426757812,160.1383
160.9157257080078,160.59155
163.43312072753906,161.20058
164.6918182373047,162.12138
164.15663146972656,163.27988
162.3032684326172,164.41034
163.1952667236328,165.20226
160.58863830566406,165.80081
159.36962890625,165.90692
158.6758270263672,165.54892
164.08724975585938,164.83882
163.74037170410156,164.56854
163.76019287109375,164.53001
164.98916625976562,164.64403
166.13885498046875,164.9787
165.1675567626953,165.54314
163.5520477294922,166.08415
163.8592987060547,166.37845
162.31317138671875,166.52446
162.3032684326172,166.37889
166.9119110107422,166.06087
168.17059326171875,166.1768
168.0814208984375,166.67744
167.04074096679688,167.36424
165.96043395996094,167.9896
164.315185546875,168.3978
172.0260009765625,168.44316
171.9566192626953,169.12817
170.2420196533203,170.11026
172.0160675048828,171.00014
172.20440673828125,171.95596
171.271484375,172.87206
170.7752227783203,173.5652
170.7752227783203,173.99191
171.3905792236328,174.20142
173.73281860351562,174.31245
173.8419647216797,174.60483
172.8892059326172,174.97897
170.2690887451172,175.25581
170.54696655273438,175.14322
171.6883087158203,174.8277
174.10992431640625,174.52983
175.96588134765625,174.53395
175.916259765625,174.92662
178.73487854003906,175.51576
179.58840942382812,176.49788
178.22872924804688,177.72237
177.86151123046875,178.82787
176.48199462890625,179.71623
179.21127319335938,180.21957
179.59832763671875,180.74146
182.40704345703125,181.24727
181.9306640625,182.0101
182.56582641601562,182.78996
184.6103515625,183.57823
183.52853393554688,184.52191
183.61785888671875,185.3331
182.57577514648438,185.99184
185.5928955078125,186.35971
185.27529907226562,186.84912
183.8759002685547,187.30551
186.64491271972656,187.52985
187.82594299316406,187.9017
188.16339111328125,188.44302
192.51043701171875,189.06754
191.0117950439453,190.18091
189.8903045654297,191.29834
190.36669921875,192.18777
189.24517822265625,192.89967
187.1907958984375,193.28645
186.6647491455078,193.18549
188.342041015625,192.71944
189.10626220703125,192.24669
189.255126953125,191.88087
192.53030395507812,191.62297
192.27224731445312,191.83122
193.63194274902344,192.26543
191.67677307128906,192.96246
190.4957275390625,193.52544
191.29962158203125,193.82182
192.16307067871094,194.01428
193.0364227294922,194.21161
191.76608276367188,194.48569
194.3564453125,194.62727
194.97177124023438,194.97604
194.1381072998047,195.47647
191.13092041015625,195.92496
189.7315216064453,195.95041
180.62060546875,195.55229
177.5042266845703,193.86234
178.44708251953125,191.19048
176.84918212890625,188.2541
176.630859375,185.22528
176.6904754638672,182.40533
178.3501434326172,179.99538
176.3525848388672,178.27315
175.47801208496094,176.93031
172.9239044189453,175.88716
173.410888671875,174.86597
174.75253295898438,174.04399
176.13392639160156,173.59679
179.99986267089844,173.60481
175.28921508789062,174.36267
177.50540161132812,174.99763
179.0756378173828,175.796
182.98130798339844,176.80792
186.48947143554688,178.31795
186.7081298828125,180.40425
188.28829956054688,182.68764
188.5268096923828,185.07634
181.77880859375,187.3324
176.4618682861328,188.50989
177.07806396484375,188.30106
178.25076293945312,187.30592
175.20968627929688,186.00978
173.1326141357422,184.26909
174.6531524658203,182.17259
173.92764282226562,180.21661
176.86936950683594,178.43185
177.96255493164062,177.26077
174.4047088623047,176.70215
172.8543243408203,176.18307
173.70901489257812,175.58774
174.99102783203125,175.10977
170.89651489257812,174.90009
169.3759765625,174.4179
169.63438415527344,173.66452
170.1511688232422,172.85109
172.67544555664062,172.13942
171.33380126953125,171.85324
172.5860137939453,171.7122
173.82826232910156,171.83972
176.39231872558594,172.2731
177.883056640625,173.15945
177.2867431640625,174.42245
178.6880340576172,175.74501
179.59242248535156,177.15411
177.74392700195312,178.5876
177.61473083496094,179.6885
176.05441284179688,180.467
174.75253295898438,180.78145
174.3748779296875,180.62013
171.81085205078125,180.12225
171.93011474609375,179.15254
172.36737060546875,177.98843
170.04185485839844,176.84714
165.85787963867188,175.55243
167.17965698242188,173.81184
169.23683166503906,172.11607
169.71389770507812,170.83002
172.8940887451172,169.97357
176.47183227539062,169.8397
175.5574951171875,170.58377
178.12155151367188,171.71541
180.695556640625,173.30309
181.75892639160156,175.32845
181.2819061279297,177.56648
185.4912567138672,179.68123
183.89906311035156,182.00966
186.5261993408203,184.05162
187.09341430664062,186.02841
188.78514099121094,187.8207
188.76524353027344,189.50923
190.5166473388672,190.9474
189.71060180664062,192.27745
190.37734985351562,193.29102
189.0438690185547,194.06908
188.86473083496094,194.44205
189.4717559814453,194.48514
188.44679260253906,194.36069
189.02395629882812,193.99611
190.30767822265625,193.56532
188.5064697265625,193.25949
192.47705078125,192.83102
191.38241577148438,192.82356
193.3229217529297,192.92502
194.75588989257812,193.31358
192.23822021484375,193.99872
193.76077270507812,194.50557
196.99493408203125,195.03928
197.14418029785156,195.90074
196.60682678222656,196.88623
194.9350128173828,197.79393
195.9799041748047,198.37053
193.88018798828125,198.80566
193.7308807373047,198.84862
192.65618896484375,198.6235
192.1088409423828,198.11285
192.20835876464844,197.40082
192.63626098632812,196.63261
191.5913848876953,195.94249
184.7349853515625,195.23839
183.35174560546875,193.7991
181.02317810058594,191.90266
180.2967071533203,189.62338
184.65536499023438,187.24098
184.23741149902344,185.52364
185.2823028564453,184.32709
184.68521118164062,183.71512
185.01361083984375,183.47687
182.73477172851562,183.55978
181.78939819335938,183.5937
187.7104034423828,183.51343
190.62611389160156,184.0677
192.9447479248047,185.29457
194.22845458984375,187.10994
193.55177307128906,189.2865
193.22340393066406,191.41913
191.48193359375,193.2973
190.79527282714844,194.63655
187.12326049804688,195.43074
183.5010223388672,195.36877
185.94903564453125,194.3534
184.9439697265625,193.11174
186.76502990722656,191.69344
188.37713623046875,190.50146
188.48660278320312,189.73328
187.40191650390625,189.30861
188.1691436767578,189.01767
186.4752655029297,188.93507
184.37286376953125,188.79382
183.48606872558594,188.3971
183.19712829589844,187.78412
181.65269470214844,187.06172
180.90541076660156,186.16174
181.66268920898438,185.15794
183.70529174804688,184.27592
181.86195373535156,183.78996
180.50686645507812,183.38765
181.9715576171875,182.94106
180.7659149169922,182.6911
180.09832763671875,182.45108
179.0122833251953,182.17915
174.4687042236328,181.79858
169.5066680908203,180.87526
168.51025390625,179.15277
168.3907012939453,176.99487
170.1144561767578,174.75249
172.12718200683594,172.86778
172.60543823242188,171.6181
170.5130157470703,170.95148
172.37628173828125,170.49915
171.99765014648438,170.46698
173.09368896484375,170.67099
175.44515991210938,171.15216
178.0258331298828,172.04503
170.7521514892578,173.41774
171.65887451171875,174.14355
170.23403930664062,174.53914
169.09814453125,174.5199
172.68516540527344,174.11694
170.86175537109375,173.92033
169.41697692871094,173.64838
168.23126220703125,173.20189
169.03834533691406,172.55742
168.2113494873047,171.94273
168.96861267089844,171.30563
167.84268188476562,170.80528
169.0582733154297,170.30925
167.1750946044922,170.00935
174.40892028808594,169.64635
175.91348266601562,170.11244
172.0673828125,171.2078
168.7693328857422,172.17209
167.39430236816406,172.61368
166.43775939941406,172.53851
164.40512084960938,172.03362
165.24208068847656,171.07068
166.2982635498047,170.00615
168.41062927246094,169.08813
169.27749633789062,168.58427
168.6896209716797,168.48428
172.8744659423828,168.58772
169.71591186523438,169.29588
168.6896209716797,169.95236
172.4061737060547,170.42111
182.71884155273438,171.15472
181.0548858642578,173.14786
181.7423858642578,175.53157
182.08116149902344,178.04317
183.9045867919922,180.43877
182.63743591308594,182.74007
185.86013793945312,184.60211
187.00755310058594,186.37527
189.2924041748047,188.02458
189.41212463378906,189.68277
189.44204711914062,191.17503
190.6094207763672,192.40498
191.91647338867188,193.46472
190.4697265625,194.4374
186.45880126953125,195.06445
189.5518035888672,194.93083
189.56178283691406,194.67957
189.86111450195312,194.33202
190.85885620117188,193.97044
191.81668090820312,193.72968
193.59268188476562,193.67876
193.91195678710938,193.94275
195.42852783203125,194.40105
194.0416717529297,195.1085
196.44622802734375,195.73242
192.68472290039062,196.52675
206.68310546875,196.89584
212.58978271484375,198.60625
213.75714111328125,201.61679
212.01107788085938,205.29057
216.18165588378906,208.83656
213.8070068359375,212.46341
209.2073974609375,215.4779
207.02235412597656,217.2698
207.67088317871094,217.85408
208.59878540039062,217.66617
212.7693634033203,217.07047
213.61746215820312,216.72357
210.14527893066406,216.61168
216.261474609375,216.22316
219.77354431152344,216.41933
221.0506591796875,217.32251
225.82984924316406,218.70952
227.30653381347656,220.82515
228.16458129882812,223.34125
232.45489501953125,225.9615
227.05709838867188,228.89542
230.0203857421875,231.06332
233.87168884277344,232.9138
234.29074096679688,234.79799
228.3641357421875,236.52374
223.6747283935547,237.24919
223.80442810058594,236.72325
223.45523071289062,235.46335
224.5028533935547,233.77406
218.0474395751953,232.06798
216.99981689453125,229.71017
217.46875,227.06543
217.7481231689453,224.5303
218.30685424804688,222.32271
221.5794677734375,220.59454
217.8678436279297,219.72421
219.36447143554688,219.03209
208.79833984375,218.7397
206.762939453125,217.48172
209.34710693359375,215.57535
212.8292236328125,213.75792
215.7526397705078,212.57149
217.2909393310547,212.24059
221.02682495117188,212.67535
221.47633361816406,214.01718
224.47303771972656,215.86736
225.80157470703125,218.24582
225.64175415039062,220.8949
226.2610626220703,223.45522
226.15118408203125,225.80109
224.2832489013672,227.77222
226.5906982421875,229.09137
226.93032836914062,230.14793
227.77938842773438,230.94478
226.2410888671875,231.58463
229.53746032714844,231.85683
228.7483367919922,232.25575
222.52517700195312,232.55928
220.6072998046875,232.02026
222.13560485839844,230.7938
220.57733154296875,229.41646
220.66722106933594,227.85587
219.86810302734375,226.33572
222.41529846191406,224.87906
222.52517700195312,223.90399
222.25547790527344,223.32199
216.082275390625,223.01883
216.55174255371094,222.19797
220.4474639892578,221.23016
228.61846923828125,220.71902
227.94920349121094,221.49713
226.2211151123047,222.90533
227.1201171875,224.40504
226.1212158203125,225.954
227.26995849609375,227.26917
227.53965759277344,228.45917
232.7439422607422,229.48029
225.96141052246094,230.915
226.53077697753906,231.62659
225.42198181152344,231.92555
226.55075073242188,231.78127
221.4463653564453,231.4981
225.52188110351562,230.52242
229.28773498535156,229.71027
228.7882843017578,229.48282
227.2999267578125,229.55873
231.04580688476562,229.6477
233.59300231933594,230.19228
231.5252685546875,231.24973
231.89486694335938,232.27118
234.74172973632812,233.23444
236.22010803222656,234.40309
235.60079956054688,235.74402
230.5063934326172,236.9805
230.31661987304688,237.4225
231.1556854248047,237.32228
233.14349365234375,236.97028
233.41319274902344,236.70837
229.8471221923828,236.53476
225.66172790527344,235.9975
222.66502380371094,234.79784
221.76600646972656,232.9513
223.2044219970703,230.7695
222.47523498535156,228.7482
227.22999572753906,226.91893
226.9600067138672,225.96025
224.22999572753906,225.58899
224.22999572753906,225.32208
225.1199951171875,225.18158
228.22000122070312,225.25235
225.0,225.82692
228.02000427246094,226.27788
228.27999877929688,227.00621
229.0,227.861
228.52000427246094,228.81155
229.8699951171875,229.67911
232.8699951171875,230.58214
235.05999755859375,231.7731
234.92999267578125,233.27713
237.3300018310547,234.80971
239.58999633789062,236.50394
242.64999389648438,238.38913
243.00999450683594,240.56264
243.0399932861328,242.72704
242.83999633789062,244.67215
246.75,246.25343
247.77000427246094,247.90607
246.49000549316406,249.51752
